Title,Description,Content
Canada closes border to all foreign nationals except Americans  will block even citizens with symptoms,Canadian Prime Minister Justin Trudeau announced a number of additional measures being taken at a federal level in Canada to prevent further spread of coronavirus within the country  The most extreme is that Canada is closing its borders to non citizens and a,Canadian Prime Minister Justin Trudeau announced a number of additional measures being taken at a federal level in Canada to prevent further spread of coronavirus within the country  The most extreme is that Canada is closing its borders to non citizens and a  1880 chars 
Google Maps Now Shows Nearby Takeout and Delivery Options,Ordering in or picking up dinner  Google Maps has been updated with two search filters that highlight nearby takeout and delivery options  The new search options are officially available on Android and iOS in the US  Canada and France  but users in other coun,Ordering in or picking up dinner  Google Maps has been updated with two search filters that highlight nearby takeout and delivery options  The new search options are officially available on Android and iOS in the US  Canada and France  but users in other coun  1283 chars 
Chiropractors Told to Stop Pretending They Can Treat Covid 19,Chiropractors in Canada and elsewhere are being told to stop advertising their services as a treatment for covid 19  the illness caused by the new coronavirus  Read more ,Chiropractors in Canada and elsewhere are being told to stop advertising their services as a treatment for covid 19  the illness caused by the new coronavirus In Canada  organizations such as the College of Chiropractors of Ontario have sent dozens of warni  2158 chars 
Coronavirus  US  Canada and Mexico restrict border traffic,As the US battles the coronavirus outbreak   non essential  traffic is suspended across its borders ,Image copyrightReutersImage caption  Many checkpoints on the US Canada border are closing The US has suspended all non essential traffic across its borders with both Mexico and Canada as it battles to control the coronavirus outbreak The curbs will go int  1377 chars 
As social distancing measure  Starbucks temporarily shifts to to go model in US and Canada,Beginning today  Starbucks is instituting a temporary move to a to go model for all of its locations in the U S  and Canada  One of the more sweeping actions taken by a major food chain  the coffee giant is looking to adhere to advice about social distancin,Beginning today  Starbucks is instituting a temporary move to a to go model for all of its locations in the U S  and Canada  One of the more sweeping actions taken by a major food chain  the coffee giant is looking to adhere to advice about social distancing   1309 chars 
U S  and Canada border to close to all but non essential and travel  says Trump,The U S Canada border has remained open despite measures by both countries to block and limit international flights and mobility in light of the coronavirus pandemic  but that is changing today as the two countries have agreed  by mutual consent  to suspen,The U S Canada border has remained open despite measures by both countries to block and limit international flights and mobility in light of the coronavirus pandemic  but that is changing today as the two countries have agreed  by mutual consent  to suspen  1426 chars 
Uber suspends Uber Pool shared rides in the U S  and Canada to help limit coronavirus spread,Uber has suspended its shared Uber Pool class of rides  the company announced on Tuesday  The Uber Pool option would match up to three passengers together in one vehicle based on their destination  and Uber said in a statement from Uber Rides and Platform V,Uber has suspended its shared Uber Pool class of rides  the company announced on Tuesday  The Uber Pool option would match up to three passengers together in one vehicle based on their destination  and Uber said in a statement from Uber Rides and Platform V  1336 chars 
US Canada border to close amid virus crisis,Donald Trump and his Canadian counterpart Justin Trudeau are stopping all but essential travel ,US President Donald Trump and Canadian Prime Minister Justin Trudeau have agreed to close the US Canada border to all non essential travel in an attempt to curb the spread of coronavirus   We will be  by mutual consent  temporarily closing our Northern Bord  1059 chars 
Coronavirus  Why Canada dairy farmers are dumping milk,A dairy farmer s association has instructed farmers to dump milk over fear of a price crash ,Image copyrightReutersImage caption  Vast swings in demand for dairy threatens udder havoc on prices Dairy farmers in one of Canada s largest milk producing province are poised to dump millions of litres of milk due to coronavirus Dairy Farmers of Ontario  2804 chars 
Uber Suspends Pool Service in U S  and Canada Amid Covid 19 Outbreak,As health officials call for social distancing amid the global coronavirus pandemic as a means of mitigating its spread  Uber has announced that its suspended all Pool services in the United States and Canada as of Tuesday  Read more ,As health officials call for social distancing amid the global coronavirus pandemic as a means of mitigating its spread  Uber has announced that its suspended all Pool services in the United States and Canada as of Tuesday The company said the decision was   1939 chars 
With governments limiting non essential travel  what s essential travel ,Freedom of movement at the world s longest land border diminished on Wednesday when President Donald Trump announced restrictions on travel between the United States and Canada ,Jen Rose Smith  CNN Updated 19th March 2020 CNN  Freedom of movement at the world s longest land border diminished on Wednesday when President Donald Trump announced restrictions on travel between the United States and Canada   We will be  by mutual conse  5933 chars 
Emirates will suspend most passenger flights by March 25,Emirates  the worlds largest airline by international traffic  today briefly announced on Twitter and its own website that it would halt all passenger flights by March 25 but then reversed course and said that it would still fly to 13 destinations  including,Emirates  the worlds largest airline by international traffic  today briefly announced on Twitter and its own website that it would halt all passenger flights by March 25 but then reversed course and said that it would still fly to 13 destinations  including  1402 chars 
Ford wont restart North American plants March 30,Ford said Tuesday wont restart its factories in the U S  Canada and Mexico on Monday  March 30 as the automaker had originally planned  The company  which suspended production at its North American factories due to the continued spread of COVID 19  has deci,Ford said Tuesday wont restart its factories in the U S  Canada and Mexico on Monday  March 30 as the automaker had originally planned The company  which suspended production at its North American factories due to the continued spread of COVID 19  has dec  1020 chars 
Burn the EARN IT Act,I want to talk about malignant incompetence on the part of our elected officials  and this isnt even about the pandemic  Rather  its about the spectacularly misguided  counterproductive  expensive  and overbearing approach to end to end encryption by the US,I want to talk about malignant incompetence on the part of our elected officials  and this isnt even about the pandemic  Rather  its about the spectacularly misguided  counterproductive  expensive  and overbearing approach to end to end encryption by the US  4339 chars 
Major automakers Toyota  Honda  FCA extend factory closures,Toyota  Honda and Fiat Chrysler Automobiles will not reopen North American factories at the end of the month as planned as the COVID 19 disease spreads and dampens demand for new cars  trucks and SUVs  FCA said Thursday that plants across the U S  and Canada ,Toyota  Honda and Fiat Chrysler Automobiles will not reopen North American factories at the end of the month as planned as the COVID 19 disease spreads and dampens demand for new cars  trucks and SUVs FCA said Thursday that plants across the U S  and Canada  2554 chars 
DoorDash will offer financial assistance to delivery workers diagnosed with COVID 19 or quarantined,Food delivery startup DoorDash  which also runs operations for Caviar  has announced its plans to provide financial assistance to delivery workers who are diagnosed with COVID 19 or quarantined  DoorDash workers in the U S  Australia and Canada are eligible ,Food delivery startup DoorDash  which also runs operations for Caviar  has announced its plans to provide financial assistance to delivery workers who are diagnosed with COVID 19 or quarantined DoorDash workers in the U S  Australia and Canada are eligible  2641 chars 
Facebook ships an experimental app for couples,Today  Facebook quietly released a new app for couples called Tuned  The new release is a multimedia messaging app designed to help significant others communicate  The app is available for download in the U S  and Canada  app analytics firm Sensor Tower tells,Today  Facebook quietly released a new app for couples called Tuned  The new release is a multimedia messaging app designed to help significant others communicate The app is available for download in the U S  and Canada  app analytics firm Sensor Tower tell  1861 chars 
Bank of Canada lowers overnight rate target to  percent   Bank of Canada,Bank of Canada lowers overnight rate target to  percent Bank of Canada Bank of Canada cuts key interest rate target to 0 25 per cent  the  effective lower bound  CTV News Bank of Canada cuts key rate to 0 25  as virus  oil fallout deepens BNNBloomberg ca Ban,The Bank of Canada today lowered its target for the overnight rate by 50 basis points to  percent  The Bank Rate is correspondingly  percent and the deposit rate is  percent  This unscheduled rate decision brings the policy rate to its effective lower boun  2854 chars 
Big Brother Canada ends season early due to COVID 19 developments   CBC ca,Big Brother Canada ends season early due to COVID 19 developments CBC ca Big Brother Canada officially ending Season 8  ceasing production due to coronavirus Global News Big Brother Canada Season 8 suspends production Toronto Sun Big Brother Canada season c,Just over a week after announcing production was still underway on Big Brother Canadadespite the global COVID 19 crisis  producers now say the reality series has ended early Global and Insight Productions say production on season 8 is now done in light of   3149 chars 
Canadian Bank Stocks  What Now    Yahoo News Canada,Canadian Bank Stocks  What Now  Yahoo News Canada Stock Market Crash 2020  What to Buy Right Now The Motley Fool Canada Bank of Canada ventures into uncharted territory to fight coronavirus fallout Financial Post TSX falls on coronavirus worries  Bank of Cana,It looks like Canadians may actually have some good news coming their way after well over a month of uncertainty  While the S amp P TSX Composite may still be down more than 25  in just the past week its managed to gain almost 20  its largest drop in over a   3715 chars 
Better know a CSO  Indiana University Healths Mitch Parker,Mitch Parker has one of Indianas most critical jobs  As chief information security officer for Indiana University Health  Parker oversees cybersecurity for more than 30 000 employees at 18 hospitals across the state  along with countless numbers of computers,Mitch Parker has one of Indianas most critical jobs As chief information security officer for Indiana University Health  Parker oversees cybersecurity for more than 30 000 employees at 18 hospitals across the state  along with countless numbers of computer  1979 chars 
UK researchers develop new low cost  rapid COVID 19 test that could even be used at home,A new type of test developed by UK researchers from the Brunel University London  Lancaster University and the University of Surrey can provide COVID 19 detection in as little as 30 minutes  using hand held hardware that costs as little as 100  around  120 U,A new type of test developed by UK researchers from the Brunel University London  Lancaster University and the University of Surrey can provide COVID 19 detection in as little as 30 minutes  using hand held hardware that costs as little as 100  around  120 U  2062 chars 
Where to Take Free Online Classes While Youre Stuck at Home,If youve always wanted to go back to school  why not put your ongoing involuntary stay at home downtime to good use with a free online class  There are literally thousands  of virtual university courses  known as Massive Open Online Courses  or MOOCs  and on,If youve always wanted to go back to school  why not put your ongoing involuntary stay at home downtime to good use with a free online class  There are literally thousands of virtual university courses  known as Massive Open Online Courses  or MOOCs  and one   3225 chars 
Duke won t play in March Madness after university suspends sports competition,Five time national champion Duke University will not play in the NCAA men s basketball tournament because of coronavirus concerns  the school announced Thursday , CNN Five time national champion Duke University will not play in the NCAA men s basketball tournament because of coronavirus concerns  the school announced Thursday   The private university in Durham  North Carolina  is suspending its sports programs for th  904 chars 
Watch as Peyton Manning crashes online college class,NFL legend Peyton Manning surprised students by joining an online Zoom class at his alma mater  the University of Tennessee ,Chat with us in Facebook Messenger  Find out what s happening in the world as it unfolds 
Doctor explains drop in predicted deaths,Dr  Chris Murray  director of the Institute for Health Metrics and Evaluation at the University of Washington  explains the drop in predicted deaths in their coronavirus model ,Chat with us in Facebook Messenger  Find out what s happening in the world as it unfolds 
Some Medical Schools Are Graduating Students Early Because of Covid 19,New York University and others are set to allow medical students to graduate and enter the medical field earlyif they want toall in an effort to shore up hospitals grappling with the covid 19 epidemic  Read more ,New York University and others are set to allow medical students to graduate and enter the medical field earlyif they want toall in an effort to shore up hospitals grappling with the covid 19 epidemic The Grossman School of Medicine at NYU was the first to   2724 chars 
Doctor describes dire situation in hospitals treating virus,Columbia University Medical Center s Dr  Craig Spencer talks with CNN s Anderson Cooper about the dire situation facing hospitals as they try to treat patients with coronavirus ,Chat with us in Facebook Messenger  Find out what s happening in the world as it unfolds 
3 D video shows Covid 19 attack patient s lungs,CT imaging from George Washington University Hospital shows the effects of Covid 19 on the lungs of a 59 year old man ,Chat with us in Facebook Messenger  Find out what s happening in the world as it unfolds 
Doctor  Splitting a single ventilator only works for some,Doctors at University Hospital of Brooklyn  New York  explain the dire need for ventilators in the battle against the coronavirus pandemic   CNN s Miguel Marquez reports ,Chat with us in Facebook Messenger  Find out what s happening in the world as it unfolds 
Coursedog lands  4 2 million to make class scheduling smarter,Two years ago  dormmates Justin Wenig and Nicholas Diao struggled to get into a popular computer science class at Columbia University  The duo eventually got into that class  but after the initial frustration around class scheduling  they decided it was an o,Two years ago  dormmates Justin Wenig and Nicholas Diao struggled to get into a popular computer science class at Columbia University   The duo eventually got into that class  but after the initial frustration around class scheduling  they decided it was an o  2730 chars 
Plastiq raises  75M to help small businesses use credit cards more,When Eliot Buchanan tried to use his credit card to pay his Harvard tuition bill  the payment was rejected because the university said it doesnt accept credit  Realizing the same problem exists for thousands of different transactions like board  rent and ven,When Eliot Buchanan tried to use his credit card to pay his Harvard tuition bill  the payment was rejected because the university said it doesnt accept credit  Realizing the same problem exists for thousands of different transactions like board  rent and vend  3618 chars 
Oxford scientists develop new coronavirus test that provides results in just 30 minutes,Scientists at the University of Oxford have developed a new coronavirus test that produces results around three times faster than the current fastest testing methods  and that requires only relatively simple technical instrumentation  In addition to these ben,Scientists at the University of Oxford have developed a new coronavirus test that produces results around three times faster than the current fastest testing methods  and that requires only relatively simple technical instrumentation  In addition to these ben  3125 chars 
Researchers to study if startups wrist worn wearable can detect early COVID 19 respiratory issues,Its highly unlikely that the current coronavirus crisis will neatly and fully solved by any one endeavor or solution  which makes news studies like one involving startup WHOOPs wrist worn fitness and health tracking wearable all the more important  The st,Its highly unlikely that the current coronavirus crisis will neatly and fully solved by any one endeavor or solution  which makes news studies like one involving startup WHOOPs wrist worn fitness and health tracking wearable all the more important  The st  3015 chars 
Oura partners with UCSF to determine if its smart ring can hep detect COVID 19 early,Startups continue to find new ways to contribute to ongoing efforts to fight the global spread of COVID 19 during the current global coronavirus pandemic  and personal health hardware maker Oura is no exception  The smart ring startup is working with the Univ,Startups continue to find new ways to contribute to ongoing efforts to fight the global spread of COVID 19 during the current global coronavirus pandemic  and personal health hardware maker Oura is no exception  The smart ring startup is working with the Univ  2152 chars 
Oxford Uni academics launch a tracker for COVID 19 policy interventions,Oxford University academics have launched a project to track government responses to the coronavirus pandemic  The tool  called the Oxford COVID 19 Government Response Tracker  OxCGRT  tracks 11 indicators to generate an index that compares the stringency of,Oxford University academics have launched a project to track government responses to the coronavirus pandemic The tool  called the Oxford COVID 19 Government Response Tracker  OxCGRT  tracks 11 indicators to generate an index that compares the stringency o  2061 chars 
Robots replace university students in Zoom graduation ceremony   CNET,Newme telepresence robots stand in for university students at graduation  due to concerns over the coronavirus in Japan ,Students attend graduation at BBT University in Japan via telepresence robots BBT University For the most up to date news and information about the coronavirus pandemic  visit the WHO website Can t be at a big life event because of the coronavirus  Send   1701 chars 
Man uses savings to buy this for nurses,Michigan resident Allen Marshall used  900 he d been saving to buy gas for Detroit nurses during the coronavirus pandemic  Michigan is one of the hardest hit states in the pandemic  according to Johns Hopkins University ,Chat with us in Facebook Messenger  Find out what s happening in the world as it unfolds 
Harvard wants students to move out in 5 days over coronavirus fears,Harvard University is moving to virtual classes for the rest of the school year because of the novel coronavirus outbreak and students have five days to move out of their dorms ,None
She s on the front lines of coronavirus testing,A doctor and her team of researchers at the University of Nebraska Medical Center have developed their own rapid test for coronavirus  Her patients can receive results in under six hours ,Chat with us in Facebook Messenger  Find out what s happening in the world as it unfolds 
Creative Destruction Lab launches a new startup program dedicated to COVID 19 response,Global academic science and tech startup accelerator program Creative Destruction Lab  CDL  is adding a dedicated stream to its existing areas of focus  which include AI  health sciences  space  quantum computing  blockchain  energy  and oceans  The new addit,Global academic science and tech startup accelerator program Creative Destruction Lab  CDL  is adding a dedicated stream to its existing areas of focus  which include AI  health sciences  space  quantum computing  blockchain  energy  and oceans  The new addit  2394 chars 
Richard leBrasseur   MENAFN COM, MENAFN   The Conversation  Dr  Rick leBrasseur is an Associate Professor of Landscape Architecture at Dalhousie University within the Department of Plant  Food and Environmental Sciences A licensed landscape architect  environmental psychologist  researcher, MENAFN   The Conversation  Dr  Rick leBrasseur is an Associate Professor of Landscape Architecture at Dalhousie University within the Department of Plant  Food and Environmental Sciences A licensed landscape architect  environmental psychologist  researche  3095 chars 
N S  bans evictions while committing funds to Feed Nova Scotia  income assistance   Global News,N S  bans evictions while committing funds to Feed Nova Scotia  income assistance Global News One person in N S  hospitalized as a result of COVID 19 CTV News NS  NB pharmacies restrict medication fills to avoid shortages during COVID 19 Global News N S  boos,The Nova Scotia government is making sure tenants impacted by the COVID 19 outbreak cant be evicted  while also committing  1 million to food banks across the province The announcements were made a press briefing in Halifax on Thursday  which was held virtu  4043 chars 
Viral virus video highlights COVID 19 panic shopping in Windsor   Windsor Star,Viral virus video highlights COVID 19 panic shopping in Windsor Windsor Star COVID 19 panic buying hits grocery stores across Canada CTV News Grocery stores hit with Coronavirus COVID 19 shopping surge  grocery store chain owner Scott Karns PennLive com Coron,We estimated 10 or 11 per cent of the population would panic buy  and theyre doing that right now but itll soon pass  said Charlebois  senior director of the Agri food Analytics Lab at Dalhousie University in Halifax and known as The Food Professor The food  1196 chars 
Experts  No reason to panic as shelves seem bare amid virus concerns   CityNews Vancouver,Experts  No reason to panic as shelves seem bare amid virus concerns CityNews Vancouver Coronavirus Panic In Montreal Leaves Grocery Store Shelves Empty   Here s Metro s Solution MTL Blog Capturing the coronavirus mood through one Toronto grocery store The Gl,TORONTO  NEWS 1130   Grocery store shelves across the country are being emptied by those concerned about the spread of COVID 19  with toilet paper and canned goods being some of the hottest items According to a food expert  there is no reason to panic as C  1041 chars 
Nova Scotia extends coronavirus state of emergency  announces new support funds   Global News,Nova Scotia extends coronavirus state of emergency  announces new support funds Global News  This does make me nervous  N S  reports biggest one day spike of COVID 19 cases CTV News Atlantic Canadians call for rent freeze during COVID 19 pandemic Global News,Nova Scotia has announced a pair of funds that are meant to help workers and small businesses in the province Premier Stephen McNeil announced the two  20 million funds during a provincial update on Thursday The first is known as the Worker Emergency Brid  3597 chars 
Flatten the curve  How one chart became a rallying cry against coronavirus   Global News,Flatten the curve  How one chart became a rallying cry against coronavirus Global News  Flattening the curve  on COVID 19 pandemic numbers  explained CTV News Here s Why Everybody s Talking About  Flattening The Curve  HuffPost Coronavirus outbreak  Social di,A bit of geeky jargon has become a rallying cry in the fight against the novel coronavirus  as people around the world try to flatten the curve by doing the little things necessary to stop the spread of the virus that causes COVID 19 The term comes from p  7722 chars 
Creative Destruction Lab launches a new startup program dedicated to COVID 19 response,Global academic science and tech startup accelerator program Creative Destruction Lab  CDL  is adding a dedicated stream to its existing areas of focus  which include AI  health sciences  space  quantum computing  blockchain  energy  and oceans  The new addit,Global academic science and tech startup accelerator program Creative Destruction Lab  CDL  is adding a dedicated stream to its existing areas of focus  which include AI  health sciences  space  quantum computing  blockchain  energy  and oceans  The new addit  2394 chars 
Landmark study concludes marine life can be rebuilt by 2050,An international study recently published in the journal Nature  led by KAUST Professors Carlos Duarte and Susana Agust  lays out the essential roadmap of actions required for the planet s marine life to recover to full abundance by 2050 ,An international study recently published in the journal Nature  led by KAUST Professors Carlos Duarte and Susana Agust  lays out the essential roadmap of actions required for the planet s marine life to recover to full abundance by 2050 The project brings  4918 chars 
Listen  Ellen Page on Directing Netflix Doc  Justin Trudeau and Donald Trumps Environmental Records,Ellen Page is now calling the shots from behind the camera  The X Men star makes her directorial debut with Theres Something in the Water  the new Netflix documentary she co directed with Ian Daniel about the impact of environmental racism on marginalize,Ellen Page is now calling the shots from behind the camera The X Men star makes her directorial debut with Theres Something in the Water  the new Netflix documentary she co directed with Ian Daniel about the impact of environmental racism on marginaliz  2634 chars 
Presumptive COVID 19 case connected to Dalhousie University   CTV News,Presumptive COVID 19 case connected to Dalhousie University CTV News N S  bans evictions while committing funds to Feed Nova Scotia  income assistance Global News One person in N S  hospitalized as a result of COVID 19 CTV News N S  boosts funding for food ba,HALIFAX    Dalhousie University in Halifax has been connected to a presumptive positive case of COVID 19 Deep Saini  president and vice chancellor of Dalhousie University  informed the Dalhousie community of the presumptive positive case in a campus wide   2015 chars 
Theres no need to hoard food  but falling loonie will raise your grocery bill,Sylvain Charlebois of Dalhousie University speaks about the state of our food supply chain and how the pandemic will effect food prices,Sylvain Charlebois  of the School of Public Administration at Dalhousie University  speaks with the Financial Posts Larysa Harapyn about why were seeing empty shelves in stores amid the COVID 19 pandemic  the state of our food supply chain and how all this   26 chars 
Creative Destruction Lab launches a new startup program dedicated to COVID 19 response,Global academic science and tech startup accelerator program Creative Destruction Lab  CDL  is adding a dedicated stream to its existing areas of focus  which include AI  health sciences  space  quantum computing  blockchain  energy  and oceans  The new addit,Global academic science and tech startup accelerator program Creative Destruction Lab  CDL  is adding a dedicated stream to its existing areas of focus  which include AI  health sciences  space  quantum computing  blockchain  energy  and oceans  The new addit  2394 chars 
Wheat in Whitehorse  how climate change helps feed Canada s remote regions,After failing to grow wheat in Canada s subarctic Yukon territory 15 years ago  farmer Steve Mackenzie Grieve gave it another shot in 2017 ,WINNIPEG  Manitoba OTTAWA  Reuters    After failing to grow wheat in Canadas subarctic Yukon territory 15 years ago  farmer Steve Mackenzie Grieve gave it another shot in 2017   Thanks to longer summers  he has reaped three straight harvests  This spring he  4741 chars 
Food prices set to rise amid COVID 19 crisis,Experts say food costs are under a lot of pressure  but that low oil prices are helping mitigate that pressure so far ,Food prices are likely to rise while restaurant prices go down amid COVID 19 and a sinking Canadian dollar  according to a new forecast by the University of Guelph and Dalhousie University   The universities put out a forecast for food prices every December   3133 chars 
Sustainability goes mainstream for business education   The Globe and Mail,More business schools are embedding sustainability themes into courses and research,David Dunne  director of MBA Programs at the University of Victorias Gustavson School of Business  speaks to students in a classroom on campus University of Victoria photo services Until recently  Canadian business schools typically covered climate change   11260 chars 
Poison in the Hearts of Stars Can Make Them Explode,Stars with a certain elemental cocktail in their cores could be doomed to suffer an early demise  If a star forms enough neon  a rare  poorly understood chemical reaction can trigger a gigantic  star killing thermonuclear blast  Gizmodo reports  The unusual p,Big Kaboom Stars with a certain deadly elemental cocktail in their cores could be doomed to suffer an early demise If a star forms enough neon  a rare and poorly understood chemical reaction can trigger a star killing thermonuclear blast  Gizmodo reports    1274 chars 
Remote work tech companies prepare for surge in customers amid COVID 19 outbreak   CityNews Vancouver,TORONTO  Technology companies operating in Canada and specializing in remote work say theyre bracing for a spike in inquiries  sales and users amid an outbreak of a novel coronavirus  They say their phones have been ringing constantly  sales teams are busy ,TORONTO Technology companies operating in Canada and specializing in remote work say theyre bracing for a spike in inquiries  sales and users amid an outbreak of a novel coronavirus They say their phones have been ringing constantly  sales teams are busy he  4320 chars 
Should Canada give out immunity passports for people who have beaten COVID 19 ,Experts say its worth considering but still too early to say whether people cant get infected twice or how long immunity lasts ,OTTAWATwelve weeks  maybe more  Maybe a lot more   That is the public estimate for how long Canadians will live with COVID 19 and the slew of restrictions in place to protect against the virus   But what if there is a way to loosen those restrictions for s  4301 chars 
Colleges go pass fail to address coronavirus,In many ways  the new coronavirus has wreaked havoc on the lives of college students  faculty and staff members  Many institutions have moved classes online and encouraged students to leave campus  creating a flurry of confusion  uncertainty and anxiety  More,In many ways  the new coronavirus has wreaked havoc on the lives of college students  faculty and staff members  Many institutions have moved classes online and encouraged students to leave campus  creating a flurry of confusion  uncertainty and anxiety Mor  6328 chars 
Never felt this way in my life  says Halifax woman who recovered from COVID 19   Global News,Never felt this way in my life  says Halifax woman who recovered from COVID 19 Global News  This does make me nervous  N S  reports biggest one day spike of COVID 19 cases CTV News Irresponsible and blatantly false  N S  premier calls out April Fools Da,Emily Dwyer says fighting COVID 19 was unlike anything shes ever experienced The 26 year old from Halifax was one of the first in the province to test positive for the virus  which she contracted on an international trip  Now  shes one of 11 in Nova Scotia  4143 chars 
Being on the East Coast a double edged sword in COVID 19 pandemic medical battle   ThoroldNews com,HALIFAX  Being a small East Coast province in the pandemic is a double edged sword  there are fewer critically ill patients  but the supply of hospital beds is limited if the worst case scenario materializes ,HALIFAX Being a small East Coast provincein the pandemic is a double edged sword there are fewercritically ill patients  butthe supply of hospital bedsis limited if the worst case scenario materializes We will have fewer beds  but we will have a lower  4933 chars 
Four people in N S  charged for failing to self isolate  maintain a social distance   CTV News,Four people in N S  charged for failing to self isolate  maintain a social distance CTV News Never felt this way in my life  says Halifax woman who recovered from COVID 19 Global News  This does make me nervous  N S  reports biggest one day spike of COVID ,HALIFAX    Nova Scotia RCMP have charged four people under the Health Protection Act in connection with the current COVID 19 pandemic In a news release  police say two people were charged for failing to self isolate after returning from out of the country  1549 chars 
People who attended basketball championships may have been exposed to COVID 19  NSHA   CTV News,People who attended basketball championships may have been exposed to COVID 19  NSHA CTV News N S  bans evictions while committing funds to Feed Nova Scotia  income assistance Global News One person in N S  hospitalized as a result of COVID 19 CTV News N S  b,HALIFAX    The Nova Scotia Health Authority says people who attended provincial high school basketball championships in Halifax earlier this month may have been exposed to COVID 19 The NSSAF Division 1 Provincial Basketball Championships were held from Ma  1466 chars 
Coronavirus to slash Atlantic Canadas cruise season   Global News,Coronavirus to slash Atlantic Canadas cruise season Global News COVID 19  Feds announce restrictions to overseas flights and further limits on cruises CTV News Victoria city council asking for ban on cruise ship visits to city amid coronavirus pandemic Globa,New federal restrictions on cruise ships are set to wreak havoc with Eastern Canadas cruise ship season  with thousands of expected visitors no longer permitted to dock in Canada Transport Minister Marc Garneau announced on Friday that no cruise ships carr  2052 chars 
Nova Scotia s COVID 19 cases rise to 293 in biggest single day jump   TheChronicleHerald ca,Nova Scotia s COVID 19 cases rise to 293 in biggest single day jump TheChronicleHerald ca 31 new cases of COVID 19 found in Nova Scotia  testing moves to 24 7 CBC ca Nova Scotia reports 31 new COVID 19 cases  biggest one day spike CTV News War is the wrong me,The number of COVID 19 cases has risen to 293 in Nova Scotia  the Health Department reported Monday In the biggest single day jump in the province  31 more cases were identified To date  Nova Scotia has tested 10 511 people for the respiratory virus  wh  2151 chars 
Nova Scotia closing all visitor information centres   HalifaxToday ca,Nova Scotia closing all visitor information centres HalifaxToday ca Three presumptive COVID 19 cases in Nova Scotia CTV News Nova Scotia lobster processors call for a halt to harvesting as market for shellfish collapses amid COVID 19 pandemic The Globe and Ma,Due to concerns around COVID 19  all visitor information centres will be closed effective Tuesday  March 17 There are only a few centres open year round  including one in Amherst nearthe New Brunswick border and one at Halifax Stanfield International Airpo  433 chars 
Nova Scotia declares state of emergency  identifies 7 more cases of COVID 19   CTV News,Nova Scotia declares state of emergency  identifies 7 more cases of COVID 19 CTV News N S  declares state of emergency in response to COVID 19 CBC ca The latest on the coronavirus  Canada refuses to go to Olympics unless postponed  Trudeau not at point of dec,HALIFAX    Nova Scotia Premier Stephen McNeil has officially declared a state of emergency in the province due to the COVID 19 pandemic Effective 6 a m  Monday  the borders of Nova Scotia will be tightened  with screening processes at all points of entry   3439 chars 
Three shoppers ticketed for failing to self isolate after entering N S    Global News,Three shoppers ticketed for failing to self isolate after entering N S  Global News Nova Scotia reports 31 new COVID 19 cases  biggest one day spike CTV News Halifax and Associates is not registered to sell securities in our province says alert HalifaxToday c,Three people in Amherst have been fined for disobeying orders under the Health Protection Act The Amherst Police Department says its officers issued the summary offence tickets Monday after they learned three people who had recently crossed the border into   667 chars 
Four people  business charged for violating COVID 19 rules in Nova Scotia   CTV News,Four people  business charged for violating COVID 19 rules in Nova Scotia CTV News Google Mobility Reports a slippery slope  cyber security expert Global News  Stay the blazes home  premier warns as COVID 19 cases rise in Nova Scotia CBC ca  The virus will f,HALIFAX    Four people and a business in Nova Scotia have been charged after for violating the provinces Health Protection and Emergency Management acts in relation to COVID 19 The RCMP says  on Wednesday  three people were charged for failing to comply w  509 chars 
N S  bans evictions while committing funds to Feed Nova Scotia  income assistance   Global News,N S  bans evictions while committing funds to Feed Nova Scotia  income assistance Global News One person in N S  hospitalized as a result of COVID 19 CTV News NS  NB pharmacies restrict medication fills to avoid shortages during COVID 19 Global News N S  boos,The Nova Scotia government is making sure tenants impacted by the COVID 19 outbreak cant be evicted  while also committing  1 million to food banks across the province The announcements were made a press briefing in Halifax on Thursday  which was held virtu  4043 chars 
N S  announces new COVID 19 assessment centres  26 new cases   CTV News,N S  announces new COVID 19 assessment centres  26 new cases CTV News Nova Scotia to increase testing in communities with COVID 19  clusters  CBC ca Premiers delightfully Nova Scotian cry to respect physical distancing goes viral Global News N S  identifie,HALIFAX    Nova Scotia has identified 26 new cases of COVID 19  bringing the province s total to 262 The 262 cases range in age from under 10 to over 90  The province is reporting 53 people have recovered  and six people are currently hospitalized The p  3103 chars 
Viral virus video highlights COVID 19 panic shopping in Windsor   Windsor Star,Viral virus video highlights COVID 19 panic shopping in Windsor Windsor Star COVID 19 panic buying hits grocery stores across Canada CTV News Grocery stores hit with Coronavirus COVID 19 shopping surge  grocery store chain owner Scott Karns PennLive com Coron,We estimated 10 or 11 per cent of the population would panic buy  and theyre doing that right now but itll soon pass  said Charlebois  senior director of the Agri food Analytics Lab at Dalhousie University in Halifax and known as The Food Professor The food  1196 chars 
Coronavirus  Nova Scotia now has 41 cases  including at least one child under 10   Global News,Coronavirus  Nova Scotia now has 41 cases  including at least one child under 10 Global News N S  reports 13 new COVID 19 cases  including one involving a child CTV News COVID 19 cases mount in N S  but officials hope measures show  indication of success  CB,Thirteen new cases of COVID 19 have been identified in Nova Scotia  including a child under the age of 10  the provincial government says According to a news release on Monday  all the cases are travel related or connected to earlier reported cases Severa  4517 chars 
New COVID 19 measures introduced at long term care homes   HalifaxToday ca,Dr  Robert Strang said many facilities have already been implementing these steps  but they are no longer guidelines,New measures have been introduced at Nova Scotia s long term care homes to protect residents and staff from the spread ofCOVID 19 At a news conference Monday  Dr  Robert Strang said the directives are based on what is already done every year during respira  2021 chars 
People who attended St  Patrick s Day event may have been exposed to COVID 19   CTV News,People who attended St  Patrick s Day event may have been exposed to COVID 19 CTV News St  Patrick s Day gathering could be source of new COVID 19 case in Nova Scotia CBC ca Nova Scotias construction industry grapples with invisible threat of COVID 19 Global,HALIFAX    Health officials are warning people who attended a St  Patricks Day event at a community centre in Lake Echo  N S  that they may have been exposed to COVID 19 In a news release  the Nova Scotia Health Authority says roughly 50 people attended t  2215 chars 
Koodoo launched a tool to help consumers navigate mortgage payment holidays,This story was delivered to Business Insider Intelligence Fintech Briefing subscribers earlier this morning  To get this story plus others to your inbox each day  hours before they re published on Business Insider  click here  The UK based mortgage technology,The UK based mortgage technology provider  which offers its solutions to lenders and aggregators  has introduced a new website and technology toolkit that aims to offer consumers guidance onmortgage payment holidaysamid the coronavirus outbreak according t  2946 chars 
Nap Eyes  Snapshot of a Beginner,Gathering newfound lyrical confidence  the Halifax slack rockers trade the sparseness of their early material for gentle guitar chords and gleaming Mellotron harmonies ,Nigel Chapman spends a lot of time singing about his own inability to take action  Whether seated on the couch at a party or pacing the desolate streets of his hometown  the Nap Eyes frontman habitually falls back on restless indecision  spinning stories abou  3201 chars 
BC declares COVID 19 outbreak at care home as vulnerable residents infected   Philippine Canadian Inquirer,BC declares COVID 19 outbreak at care home as vulnerable residents infected Philippine Canadian Inquirer View Full coverage on Google News,Chief provincial health officer Dr  Bonnie Henry said the two cases of COVID 19 follow an earlier diagnosis of a care worker at the Lynn Valley Care Centre  making them especially concerning as examples of community transmission   File photo  Lynn Valley Care  5135 chars 
Coronavirus  B C  seniors death raises questions about isolation risk at nursing homes   Global News,Coronavirus  B C  seniors death raises questions about isolation risk at nursing homes Global News Appointments needed to access Nova Scotia COVID 19 assessment sites CBC ca COVID 19 death prompts new control measures for Canada s seniors  homes CP24 Toronto,Public health officials are urging people take extra infection control steps around older Canadians most at risk of developing COVID 19 complications  with the death of a Vancouver senior providing fresh imperative for vigilance in long term care facilities   4955 chars 
 Can t sugar coat it  Pandemic preparedness doc braces for patient surge   Calgary Herald, Can t sugar coat it  Pandemic preparedness doc braces for patient surge Calgary Herald Youngest COVID 19 death so far in Canada is Alberta woman in her 20s Global News One more death  98 new cases of COVID 19 in Alberta CBC ca Albertas government is using ,When shes tending to medical emergency cases  the woman heading up the Calgary zones pandemic preparedness is warily gauging its ability to cope with a coming COVID 19 patient surge Calgary remains Albertas hotbed for the spread of the novel coronavirus  wi  679 chars 
13 more COVID 19 deaths and 309 more cases confirmed in Ontario   CTV News,13 more COVID 19 deaths and 309 more cases confirmed in Ontario CTV News Global National  April 5  2020   COVID 19 cases surge in Ontario  Quebec Global News COVID 19 live  Doug Ford says U S  blocked delivery of three million face masks to Canada National Po,TORONTO    Ontario health officials have confirmed 309 new cases of COVID 19 in the province  including 13 more deaths The new patients announced on Monday morning bring the total number of confirmed cases of the novel coronavirus in Ontario to 4 347  inc  2554 chars 
Trump Administration Says U S  Border With Mexico To Close To Nonessential Travel,The agreement is similar to one announced earlier this week to partially close the U S  border with Canada  Both will go into effect on Saturday  Trump administration officials said ,A border patrol agent walked along a border wall separating Tijuana  Mexico  from San Diego earlier this week Gregory Bull AP Trump administration officials say nonessential travel between the U S  and Mexico will halt as of Saturday to try to stop the spr  1195 chars 
Zoom shares slip over security concerns  rising competition   Yahoo Canada Finance,Zoom shares slip over security concerns  rising competition Yahoo Canada Finance Taiwan joins Canada in banning Zoom for government video conferencing CBC ca Skype introduces  Meet Now  video calls to lure users away from Zoom TechSpot Yes  Zoom  Messed Up  , Reuters    Shares of Zoom Video Communications Inc  lt ZM O gt  fell 8  on Monday  adding to their sharp declines in the past few days  as the video conferencing app battles privacy concerns and increased competition from deep pocketed rivals The stock had  2431 chars 
Canada to spend  1 billion combating COVID 19 spread  economic impacts   CTV News,Canada to spend  1 billion combating COVID 19 spread  economic impacts CTV News Federal government to announce supports for people  businesses hit by COVID 19 on Wednesday CBC ca Canada releases coronavirus guidelines on when to cancel major events CTV News J,OTTAWA    The federal government is putting more than  1 billion into its plan to combat and mitigate the impacts of the outbreak of COVID 19 in Canada Prime Minister Justin Trudeau and a handful of key cabinet ministers announced the  comprehensive  coro  7032 chars 
Self isolating  NFB is streaming free titles including an Indigenous cinema library   CBC ca,The National Film of Canada has over 4 000 films  documentaries and short pieces available to stream for free and this includes a rich library of Indigenous content ,People are self isolating across the country to flatten the curve of the Covid 19 pandemic but that doesn t mean you can t stay occupied The National Film Board of Canada has over 4 000 films  documentaries and short pieces available to stream for free and   3232 chars 
COVID 19 Live  69 new cases  three more deaths in Alberta   House of Commons looks to have virtual sittings   Calgary Herald,COVID 19 Live  69 new cases  three more deaths in Alberta   House of Commons looks to have virtual sittings Calgary Herald 69 new cases of COVID 19 reported in Alberta  3 more deaths CTV News Edmonton Youngest COVID 19 death so far in Canada is Alberta woman ,Usually at this time of year  the group of Ghostbusters cosplayers would be preparing for appearances at big events like the Calgary Expo  where they would be raising money  12 478 65 last year for the Alberta Childrens Hospital in Calgary and the Stollery Ch  542 chars 
Alberta reports another 98 cases of COVID 19  suggests benefits to wearing masks in public   Calgary Herald,Alberta reports another 98 cases of COVID 19  suggests benefits to wearing masks in public Calgary Herald Youngest COVID 19 death so far in Canada is Alberta woman in her 20s Global News 69 new cases of COVID 19 reported in Alberta  3 more deaths CTV News Edm,The provinces chief medical officer of health reported another 98 cases and a single death from COVID 19 during Mondays update There are now 1 348 cases in the province  which includes 361 confirmed recoveries  according to Dr  Deena Hinshaw  With over 200   776 chars 
What the Spanish Flu may teach us about COVID 19   CityNews Vancouver,What the Spanish Flu may teach us about COVID 19 CityNews Vancouver What the Spanish Flu Pandemic of 1918 Tells Us About the Stock Market The Motley Fool Canada How Revelstoke handled the Spanish flu Kelowna Capital News The geopolitical battle for the COVID ,VANCOUVER  NEWS 1130   I think there are a lot of lessons from a hundred years ago  says Neil Orford  co founder of Defining Moments Canada  an online education resource for students and teachers He says there are many parallels between the flu pandemic   1493 chars 
B C  closes schools to combat spread of coronavirus   The Globe and Mail,B C  closes schools to combat spread of coronavirus The Globe and Mail B C  suspends K 12 schools indefinitely amid coronavirus pandemic Global News B C  K 12 schools suspended indefinitely CBC ca All B C  public schools will be closed for now over COVID 19 c,B C  Premier John Horgan has announced the provinces schools from Kindergarten to Grade 12 are closed  with no indication of when classes will resume Rob Fleming  the B C  education minister  said work is still underway to determine how education will be de  2678 chars 
P E I  Premier Dennis King declares  public health emergency  on COVID 19   CBC ca,P E I  Premier Dennis King declares  public health emergency  on COVID 19 CBC ca P E I declares  public health emergency  amid COVID 19 pandemic CTV News What Canada can learn from Italy s situation with COVID 19 CBC News  The National Chief public health off,In Monday s second press briefing of the day P E I  Premier Dennis King  via conference call  declared a public health emergency and is directing all provincial government employees who can work from home to do so for the next two weeks King was accompani  4456 chars 
The COVID 19 pandemic will create winners and losers   The Globe and Mail,The COVID 19 pandemic will create winners and losers The Globe and Mail All businesses seeing 30  drop in revenue due to pandemic will be eligible for 75  wage subsidies  Trudeau CBC ca Heres whos eligible and how to apply for Canadas coronavirus wage subs,Provincial governments spend about twice as much on health care a health care worker seen here in Vancouver on March 30  2020 as on education  When this is all over  that gap is likely to widen JONATHAN HAYWARD The Canadian Press When the pandemic subsides  5296 chars 
Meghan and Harry reportedly just moved to LA  Here are the private schools for the ultrawealthy where they could send baby Archie  from a  40 000 per year California prep school to an academy where Justin Trudeau used to teach ,Pool Samir Hussein via Getty Images The Duke and Duchess of Sussex will give up every aspect of royal life when they officially resign in April  Its been rumored that they relocated to Vancouver island  but they reportedly moved to LA before Canada s coronavi,None
Watch live  Ontario premier to make COVID 19 related announcement   CTV News,Watch live  Ontario premier to make COVID 19 related announcement CTV News Coronavirus  Ontario launches online portal to recruit health care workers Global News Coronavirus  Latest developments in the Greater Toronto Area on April 7 Global News First Ontario,TORONTO    The Ontario government is calling for all hands on deck and is asking anyone with a medical background to step forward in an effort to fight the COVID 19 pandemic Speaking at Queens Park on Tuesday  alongside Minister of Health Christine Elliot  4998 chars 
Jason Kenney says theres  a special place in hell for hoarders  scammers during pandemic   The Globe and Mail,Jason Kenney says theres  a special place in hell for hoarders  scammers during pandemic The Globe and Mail Five charts showing the spread of COVID 19 in Alberta and Canada CTV News Oil and gas companies taking steps to keep employees safe from COVID 19 Glo,Alberta Premier Jason Kenney updates media on measures taken to help with COVID 19  in Edmonton on March 20  2020  Kenney says officials are continuing to hear about cases of hoarding food and other vital supplies JASON FRANSON The Canadian Press Alberta P  3558 chars 
New Brunswicks chief medical officer of health supports possible closure of schools   Global News,New Brunswicks chief medical officer of health supports possible closure of schools Global News Province shuts down public schools for 2 weeks over COVID 19 worries CBC ca New Brunswick to close publics schools for two weeks due to COVID 19 concerns Toronto ,New Brunswicks chief medical officer of health says she supports the closure of schools in the province if an all party committee decides it is necessary to deal with the novel coronavirus pandemic Dr  Jennifer Russell  the provinces chief medical officer  2002 chars 
Trump pushes for massive aid from Congress  checks to public   CTV News,Trump pushes for massive aid from Congress  checks to public CTV News Fact check  Trump tries to erase the memory of him downplaying the coronavirus CNN US government to give citizens emergency financial aid The Guardian Mnuchin   We re Looking At Sending Che,WASHINGTON    In a massive federal effort Tuesday  U S  President Donald Trump asked Congress to speed emergency checks to Americans  enlisted the military for MASH like hospitals and implored ordinary people   particularly socially active millennials   t  7514 chars 
N L  reports 15 new COVID 19 cases  as hospitalizations increase   CBC ca,N L  reports 15 new COVID 19 cases  as hospitalizations increase CBC ca Coronavirus outbreak  Newfoundland sees 1st community spread cases in province Global News Newfoundland and Labrador community infections are  sombre messages  premier CTV News Community,Newfoundland and Labrador s COVID 19 caseload became heavier Sunday  as officials revealed that 15 more people have tested positive for the highly contagious coronavirus Dr  Janice Fitzgerald  the province s chief medical officer of health  made the announc  6509 chars 
Do I have coronavirus  Jammed public health phone lines leave Canadians in the dark   Global News,Do I have coronavirus  Jammed public health phone lines leave Canadians in the dark Global News What the decision to call the COVID 19 outbreak a pandemic means for Canada and the world CBC ca COVID 19  How to isolate at home during the new coronavirus outbre,For days a Toronto man called two public health authorities  clinics and hospitals several times to ask what to do about symptoms he believed could be the result of COVID 19  the illness caused by the novel coronavirus After hours on hold with Telehealth On  8695 chars 
Schools remain open amid new COVID 19 cases in Saskatchewan   Global News,Schools remain open amid new COVID 19 cases in Saskatchewan Global News COVID 19 in Saskatchewan  More cases  more tests  but no hospitalizations CBC ca  Business as usual for schools  Risk of virus in province is still low  says Saskatchewan chief medical h,Despite closures elsewhere in Canada  schools in Saskatchewan are remaining open at this time  the province said Sunday There are currently six presumptive cases of COVID 19  the disease caused by novel coronavirus  in Saskatchewan as of Saturday evening   4144 chars 
Warships returning  soldiers wait for call  Gen  Vance on COVID 19 preparations   CTV News,Warships returning  soldiers wait for call  Gen  Vance on COVID 19 preparations CTV News 85  of Canadian troops ordered into isolation to prepare for COVID 19 operations Global News Military ready to respond to outbreak of COVID 19 in isolated Indigenous and ,TORONTO    Canada s top soldier says the Canadian Armed Forces is taking  extraordinary  measures to ensure its members are healthy and able to deploy quickly should a province or territory request help to fight an invisible enemy  COVID 19 The majority o  3175 chars 
Being on the East Coast a double edged sword in COVID 19 pandemic medical battle   ThoroldNews com,HALIFAX  Being a small East Coast province in the pandemic is a double edged sword  there are fewer critically ill patients  but the supply of hospital beds is limited if the worst case scenario materializes ,HALIFAX Being a small East Coast provincein the pandemic is a double edged sword there are fewercritically ill patients  butthe supply of hospital bedsis limited if the worst case scenario materializes We will have fewer beds  but we will have a lower  4933 chars 
Premiers delightfully Nova Scotian cry to respect physical distancing goes viral   Global News,Premiers delightfully Nova Scotian cry to respect physical distancing goes viral Global News Four people  business charged for violating COVID 19 rules in Nova Scotia CTV News Cases of COVID 19 rise to 236 in Nova Scotia CBC ca Google Mobility Reports a sl,One premiers war cry for citizens to respect physical distancing during the novel coronavirus pandemic has gone viral The call to stay the blazes home came on Friday during one of Nova Scotias daily press conferences Premier Stephen McNeil spoke forcef  5028 chars 
Latest on the coronavirus  Man arrested for  purposely coughing  teen charged for faking COVID 19   The Globe and Mail,Latest on the coronavirus  Man arrested for  purposely coughing  teen charged for faking COVID 19 The Globe and Mail 5 things to know on CTVNews ca for Friday March 27  2020  Virus scams  COVID 19 cases  Canada US border CTV News View Full coverage on Google,Latest headlines ul li Bank of Canada cuts key interest rate half percentage point to 0 25 per cent li li Federal deficit to top  112 billion in coming fiscal year due to COVID 19 pandemic  PBO says li li U S  wont post troops at Canadian border li l  11631 chars 
You Won t Regret Adding  250 to These 4 Stocks Right Now,Even small investments can yield big rewards over time ,Let  be brutally honest  The past five plus weeks have been especially trying as an investor Whether you re a seasoned vet that s been investing for perhaps five decades or you ve dipped your toes into the water for the first time within the past year  you   7487 chars 
Take  100 and Open a Position in These 4 Stocks Now,This could be a once in a generation opportunity to buy into great businesses at a discount ,Following years of a slow but steady climb for the stock market  Wall Street has been firmly reminded over the past 7 weeks that equities can  and will  move in both directions  Since Feb  19  we ve witnessed ul li The steepest decline into bear market te  6314 chars 
Organigram Receives Health Canada License Renewal and Expansion for Final Elements of Phase 5 and Provides COVID 19 Update,MONCTON  New Brunswick BUSINESS WIRE   OGI Organigram Holdings Inc   NASDAQ  OGI   TSX  OGI  the parent company of Organigram Inc   the Company or Organigram  a leading licensed producer of cannabis  is pleased to announce that the Company has re,MONCTON  New Brunswick BUSINESS WIRE Organigram Holdings Inc   NASDAQ  OGI   TSX  OGI  the parent company of Organigram Inc   the Company or Organigram  a leading licensed producer of cannabis  is pleased to announce that the Company has received Health  5592 chars 
Organigram Provides Update on Corporate Action Plan in Response to COVID 19 Pandemic,MONCTON  New Brunswick BUSINESS WIRE   OGI Organigram Holdings Inc   NASDAQ  OGI   TSX  OGI  the parent company of Organigram Inc   the Company or Organigram  a leading licensed producer of cannabis  today announced the temporary layoff of approx,MONCTON  New Brunswick BUSINESS WIRE Organigram Holdings Inc   NASDAQ  OGI   TSX  OGI  the parent company of Organigram Inc   the Company or Organigram  a leading licensed producer of cannabis  today announced the temporary layoff of approximately 45 pe  9284 chars 
Ideal Potency of Edible Products 5MGs of THC or Less  Organigram Consumer Research Survey Concludes,MONCTON  New Brunswick BUSINESS WIRE   OGI Organigram Holdings Inc   NASDAQ  OGI   TSX  OGI  the parent company of Organigram Inc   the Company or Organigram  a leading licensed producer of cannabis  has released summary findings gathered in a re,MONCTON  New Brunswick BUSINESS WIRE Organigram Holdings Inc   NASDAQ  OGI   TSX  OGI  the parent company of Organigram Inc   the Company or Organigram  a leading licensed producer of cannabis  has released summary findings gathered in a research projec  5828 chars 
Start the Clock  The Cannabis Stock Delisting Countdown Has Begun,A number of popular pot stocks could soon find themselves getting the boot from the New York Stock Exchange or Nasdaq ,What do you get when a still nascent industry that s been experiencing growing pains encounters the quickest descent into bear market territory in history for the stock market  The answer is an absolute rout for cannabis stocks To be fair  no industry has b  5801 chars 
See what life is like with lockdowns  social distancing and self isolation in Canada and around the world,Everyday life for people in Canada and across the globe has suddenly become unrecognizable  with millions staying at home  practicing social distancing and self isolating amid the COVID 19 pandemic  Everything from city streets and parks to restaurants  legis,Scroll down for a look at how lockdowns  social distancing and self isolation have changed daily life for people in Canada and in cities around the world Canada s biggest city Toronto is usually a bustling  thriving metropolis  but drone video taken from   4077 chars 
La course navette   The Beep Test, Wojtek is a mysterious new student at school  This is why he is a prey designated for Thomas and Philippe  two students in search of entertainment  Not finding the words in front of his assailants  Wojtek will go back to his physical education course to expr,None
What s cancelled in N B  because of COVID 19,The spread of COVID 19 worldwide has forced a number of closures and cancellations in New Brunswick They include major events  such as the Fredericton ITF Challenger  a tennis event that was expected to be hosted in Fredericton next week And the Quebec Major ,The spread of COVID 19 worldwide has forced a number of closures and cancellations in New Brunswick They include major events  such as the Fredericton ITF Challenger  a tennis event that was expected to be hosted in Fredericton next week And the Quebec Ma  2576 chars 
4 Cannabis Stocks You ll Regret Not Buying During This Correction,It s time to go shopping for high quality marijuana businesses at attractive prices ,Batten down the hatches  because volatility has returned in a big way for the stock market  Over a 12 session stretch  ending this past Tuesday  March 10  the 123 year old Dow Jones Industrial Average logged its three biggest single day point gains in history  7967 chars 
This Pot Stock Looks to Be the Only Clear Winner in Canada,Pretty much all Canadian marijuana growers  save for this company  look to be dumpster fires ,At this time last year  marijuana stocks were the hottest thing since sliced bread  At the end of the first quarter of 2019  more than a dozen cannabis stocks wound up rising by at least 70  in a three month stretch  fueled by Canada s imminent release of der  6470 chars 
Cruise passengers sail toward Florida split into healthy  COVID 19 infected ships   The Globe and Mail,Cruise passengers sail toward Florida split into healthy  COVID 19 infected ships The Globe and Mail Passengers transferred from virus hit Zaandam cruise ship off Panama CTV News Moncton women on board cruise ship hit with coronavirus CBC ca  We don t know wh,Passengers  one wearing a protective face mask  look out from the Zaandam cruise ship  anchored in the bay of Panama City in this file photo from March 27  2020   The Associated Press Kevin and Jeannette Balgopal put on masks  left their stateroom on the MS  4238 chars 
Ptit Belliveau  Greatest Hits Vol  1  2020 ,Presenting Ptit Belliveau  lover of Acadian folk music  wearer of faded crocs and officiant in the marriage between plucky banjo and cheesy synthesizer  A Moncton  NB via Bayside  NS man boy who has played with a group called Ptit Belliveau et les Grosses C,Presenting Ptit Belliveau  lover of Acadian folk music  wearer of faded crocs and officiant in the marriage between plucky banjo and cheesy synthesizer  A Moncton  NB via Bayside  NS man boy who has played with a group called Ptit Belliveau et les Grosses C  2841 chars 
19 year old Riverview man missing,Police are asking for the public s help to find Matthew Jeffrey Morton  19  of Riverview who is missing  Police say Morton was last seen March 22 near Carney Avenue in Moncton around 1 30 a m  He was reported missing to police on the same day Morton is descri,Police are asking for the public s help to find Matthew Jeffrey Morton  19  of Riverview who is missing  Police say Morton was last seen March 22 near Carney Avenue in Moncton around1 30a m  He was reported missing to police on the same day Morton isdes  285 chars 
Health Canada OKs license amendment for Organigram s facility, ul   li Organigram Holdings   NASDAQ a href  title OrganiGram Holdings Inc OGI a  has  a href ,Organigram Holdings   NASDAQ OGI  has received Health Canadas approval for the licensing of its remaining Phase 5 expansion together with the renewal for standard cultivation  processing and sale for medical purposes The approval includes two floor producti  379 chars 
Randy Bachman and Burton Cummings Are Back Together for 2020 Tour  Exclusive,Randy Bachman and Burton Cummings will share the land  or at least the stage again  this summer as the Guess Who duo hits the road for two dozen dates  mostly in their native Canada ,Randy Bachman and Burton Cummings will share the land  or at least the stage again  this summer as the Guess Who duo hits the road for two dozen dates  mostly in their native Canada The trek  billed as Bachman Cummings  Together Again Live in Concert  is th  4326 chars 
Super League clubs discussing no relegation   Toronto chief,Some Super League clubs think there should be no relegation in 2020 because of coronavirus disruption  says Toronto chairman Bob Hunter ,Toronto s Sonny Bill Williams has the most offloads in Super League this season with 23 Some Super League clubs think there should be no relegation in 2020 because of disruption caused by coronavirus  says Toronto chairman Bob Hunter The Canadian side were  1265 chars 
Startup group works to get flat packed protective boxes to frontline COVID 19 medical workers,There are a number of initiatives by startup companies and entrepreneurs looking to support the healthcare response to COVID 19  and one thats addressing a need in the realm of personal protective equipment is the COVID Box project launched by a group of vol,There are a number of initiatives by startup companies and entrepreneurs looking to support the healthcare response to COVID 19  and one thats addressing a need in the realm of personal protective equipment is the COVID Box project launched by a group of vol  2405 chars 
 STRONGEST POSSIBLE MESSAGE  State of emergency declared in Toronto   Toronto Sun, STRONGEST POSSIBLE MESSAGE  State of emergency declared in Toronto Toronto Sun Mayor John Tory declares state of emergency in Toronto   COVID 19 Toronto Star City announces measures to help low income renters Toronto Sun Premier Ford says he wouldn t hesita,For the first time in the citys history  Toronto Mayor John Tory declared a state of emergency The order was signed Monday afternoon after Tory consulted with Dr  Eileen de Villa  the citys chief medical officer  and Matthew Pegg  fire chief and emergency m  2220 chars 
Half of the citys surgical mask inventory recalled after being found defective  Fire Chief   CityNews,Half of the citys surgical mask inventory recalled after being found defective  Fire Chief CityNews City of Toronto recalls defective masks to long term care homes  500 new cases of COVID 19 for Ontario and 25 new deaths  according to Star s count  Toronto S,The City of Toronto has recalled over 62 000 masks distributed to long term care homes after they were deemed to be defective   Toronto Fire Chief Matthew Pegg said the defective masks represented about half of the citys surgical mask inventory The masks   1162 chars 
Tougher containment measures as Toronto COVID 19 cases skyrocket   Toronto Sun,Tougher containment measures as Toronto COVID 19 cases skyrocket Toronto Sun Toronto announces 12 weeks of mandatory COVID 19 measures   Power   Politics CBC News De Villa now shames those who removed barriers to Sunnyside Park  Calls it  appalling    COVID 1,As COVID 19 cases climb dramatically in Toronto  new measures will bring the city as close to European style lockdowns as municipal law allows And the citys chief medical officer took aim at the provinces lengthy list of essential businesses  saying a bal  3437 chars 
 DISGUSTING  Doug Ford denounces price gouging at Toronto grocery store   Toronto Sun, DISGUSTING  Doug Ford denounces price gouging at Toronto grocery store Toronto Sun Coronavirus outbreak   We re coming after you  Ford warns businesses price gouging during pandemic Global News Doug Ford calls out Toronto grocer Pusateri s for  disgusting  ,Doug Ford ripped into Ontario businesses that are price gouging in the middle of the coronavirus crisis on Thursday  calling out one high end Toronto grocery store by name The premier had harsh words for Pusateris Fine Foods after photos emerged on social   1593 chars 
Task force announced to help protect Toronto s economy from  devastating impact  of virus   CTV News,Task force announced to help protect Toronto s economy from  devastating impact  of virus CTV News WARREN  Joe Biden is looking for his John Tory style comeback Toronto Sun The latest on the coronavirus  Toronto launches task force to boost local economy  Mar,TORONTO    Toronto Mayor John Tory has launched a special task force in response to a growing COVID 19 outbreak that he says is having a devastating impact on the citys economy In a news release issued early Monday morning  Tory said that the task force w  3596 chars 
Potential Compliance Buy Out Situation a Windfall for the Toronto Maple Leafs   Editor In Leaf,Potential Compliance Buy Out Situation a Windfall for the Toronto Maple Leafs Editor In Leaf Quick Shifts  Maple Leafs will face tricky Nick Robertson decision Sportsnet ca Nick Robertson Should be a Toronto Maple Leaf Next Season The Hockey Writers KOSHAN  F,The Toronto Maple Leafs season has been postponed The Toronto Maple Leafs have not played since they beat the Tampa Bay Lightning on March the 10th Who knows when the NHL will resume  or in what form it will resume in when it does Before the break  it w  2085 chars 
Sudbury man who attended Toronto convention confirmed as Ontarios 37th coronavirus case   Global News,Sudbury man who attended Toronto convention confirmed as Ontarios 37th coronavirus case Global News Toronto man who returned from Switzerland is Ontario s 36th COVID 19 case CP24 Toronto s Breaking News New coronavirus case confirmed in Ontario durhamradione,Health officials say that a man in his 50s who recently attended a convention in Toronto has been confirmed as the first case of COVID 19 in the Sudbury area  bringing Ontarios total up to 37 An online statement from Public Health Sudbury  amp  Districts s  1560 chars 
Maple Leafs have grounded scouts from flying to games amid COVID 19 concerns   Sportsnet ca,Maple Leafs have grounded scouts from flying to games amid COVID 19 concerns Sportsnet ca NHL Highlights   Lightning   Maple Leafs 3 10 20 NHL Toronto Tampa Bay game a nice playoffs teaser  if they happen  The Globe and Mail SIMMONS  Question not about Leafs ,The Toronto Maple Leafs have grounded their scouts from flying to games amid growing concerns about the spread of coronavirus  Sportsnet has learned The team initially stopped air travel for its European based scouts when the outbreak hit there a couple wee  1852 chars 
PDAC mining conference goers asked to monitor for coronavirus symptoms after Sudbury area man tests positive   Financial Post,PDAC mining conference goers asked to monitor for coronavirus symptoms after Sudbury area man tests positive Financial Post Sudbury man who attended Toronto conference has COVID 19  health officials CP24 Toronto s Breaking News Coronavirus update  Man from Su,Anyone who attended the Prospectors  amp  Developers Association of Canada 2020 convention in Toronto is being asked to monitor themselves for symptoms of the coronavirus after a man who attended was tested positive in the Sudbury area Dr  Penny Sutcliffe    2354 chars 
Toronto man who returned from Switzerland is Ontario s 36th COVID 19 case   CP24 Toronto s Breaking News,Toronto man who returned from Switzerland is Ontario s 36th COVID 19 case CP24 Toronto s Breaking News Sudbury man who attended Toronto convention confirmed as Ontarios 37th coronavirus case Global News Ontario s 36th COVID 19 patient is a Toronto man who tr,Public health officials confirmed one new case of the novel coronavirus in Ontario  involving a Toronto man who recently returned to the province from Switzerland The news brings Ontarios total case count including recoveries to 36  with five people who hav  1191 chars 
Doug Ford says Ontario government travel will continue despite COVID 19 worries   CTV News,Doug Ford says Ontario government travel will continue despite COVID 19 worries CTV News COVID 19 spurs calls to reduce traffic in Toronto hospitals Global News EDITORIAL  Hallway medicine and COVID 19 Toronto Sun Toronto man who returned from Switzerland is ,TORONTO    Government travel will continue despite concerns over the spread of the novel coronavirus  Ontario s premier said Tuesday  while his finance minister promised to dedicate the  necessary resources  to respond to the health emergency Doug Ford sa  3180 chars 
COVID 19 spurs calls to reduce traffic in Toronto hospitals   Global News,COVID 19 spurs calls to reduce traffic in Toronto hospitals Global News FUREY  It seems the public health system really is working in Canada  for now Toronto Sun Risk of coronavirus remains low   Chirico The North Bay Nugget Toronto man who returned from Swi,With the number of positive cases of COVID 19 continuing to grow  especially in the Toronto region  preparations are underway to quell the possibility of infection spread within health facilities Canadas first positive case of COVID 19 saw the patient atten  2814 chars 
Andersen  Retaliating against Killorn for Leafs net crash would have been bad move   TSN,Andersen  Retaliating against Killorn for Leafs net crash would have been bad move TSN Should the Maple Leafs have stuck up for Frederik Andersen  Sportsnet ca A St  Patrick s Pop Up In Toronto This Weekend Offers Limited Edition Leafs Jerseys Narcity SIMMONS,TSN Toronto reporter Mark Masters checks in daily with news and notes on the Maple Leafs  The Leafs practised at Ford Performance Centre on Wednesday ahead of Thursdays game against the Nashville Predators Midway through thethird period on Tuesday night  T  9581 chars 
Drake s new video features inside look at mansion and empty Toronto streets   CTV News,Drake s new video features inside look at mansion and empty Toronto streets CTV News Drake drops Toosie Slide video featuring look at his mansion  empty Toronto Global News Drake s new song  Toosie Slide  is obviously specifically for TikTok LaineyGossip Dr,TORONTO    Toronto rap star Drake has found a new creative outlet during the COVID 19 pandemic  The  Toosie Slide That s the name of a dance he introduces in his new song and music video of the same name The  Toosie Slide  video directed by Theo Skudra  834 chars 
NHL Highlights   Lightning   Maple Leafs 3 10 20   NHL,NHL Highlights   Lightning   Maple Leafs 3 10 20 NHL Maple Leafs show hope of their potential in win over Lightning Sportsnet ca Ferraro shares something odd he noticed between the benches about the Leafs TSN SIMMONS  Question not about Leafs  Will there even,None
Coronavirus  Torontos sports franchises team up to launch fund for event staff   Global News,Coronavirus  Torontos sports franchises team up to launch fund for event staff Global News Major Toronto sports franchises team up to create fund for event staff Sportsnet ca Team Toronto Fund Created argonauts ca Leafs  Raps  TFC  Jays  Argos band together ,Torontos five prominent sports organizations have teamed together to create a special assistance fund for event staff affected by the suspension of all major sports in the city due to the coronavirus outbreak The Team Toronto Fund was announced on Sunday  1360 chars 
Shanahan keeps stalled Leafs season in perspective   Toronto Sun,Shanahan keeps stalled Leafs season in perspective Toronto Sun Shanahan  Maple Leafs certainly interested in keeping Clifford Sportsnet ca The Most Underrated Toronto Maple Leafs of All Time Editor In Leaf Shanahans Maple Leafs expect to play again this se,Working from the confines of home amid a pandemic  Brendan Shanahan knows the hibernation of Leafs Nation is hardly deserving of front page coverage At a time Torontos hockey team would be marshalling for a possible playoff run  COVID 19 has slowed operati  3426 chars 
SIMMONS SAYS  Confrontations with angry season ticket holders ends in compromise for Leafs and Raptors   Toronto Sun,SIMMONS SAYS  Confrontations with angry season ticket holders ends in compromise for Leafs and Raptors Toronto Sun Maple Leafs Doug Gilmour watches 1993 Game 6 vs  Kings for first time Sportsnet ca Masters  After 55 goal season  is Nick Robertson ready to he,Frustrated and disappointed season ticket holders of the Maple Leafs and Raptors will get a financial break of some sort on Monday when theyre informed that their April 8 deadline payment on next seasons tickets will be pushed back a month That decision h  12135 chars 
